Nome da Pousada,Preço,Links
Casa em Itaguassu,R$257,www.airbnb.com.br/rooms/42280508?adults=2&search_mode=regular_search&check_in=2025-01-25&check_out=2025-01-26&source_impression_id=p3_1737242231_P3Lh1Zz_0RoKtyUv&previous_page_section_name=1000
Microcasa em Ilhabela,R$285,www.airbnb.com.br/rooms/1057260854145411551?adults=2&search_mode=regular_search&check_in=2025-01-25&check_out=2025-01-26&source_impression_id=p3_1737242231_P3kldpe_qQA78bHh&previous_page_section_name=1000
Quarto em Ilhabela,R$235,www.airbnb.com.br/rooms/1226014540066953750?adults=2&category_tag=Tag%3A8678&enable_m3_private_room=true&photo_id=1982385280&search_mode=regular_search&check_in=2025-01-25&check_out=2025-01-26&source_impression_id=p3_1737242231_P3DfS-e6C-Txgo5f&previous_page_section_name=1000
Quarto em Ilhabela,R$278,www.airbnb.com.br/rooms/696384392443375107?adults=2&category_tag=Tag%3A8678&enable_m3_private_room=true&photo_id=1611723077&search_mode=regular_search&check_in=2025-01-25&check_out=2025-01-26&source_impression_id=p3_1737242231_P3pubqTBpRW5ejto&previous_page_section_name=1000
Pousada em Ilhabela,R$383,www.airbnb.com.br/rooms/1173848320204828140?adults=2&search_mode=regular_search&check_in=2025-01-25&check_out=2025-01-26&source_impression_id=p3_1737242231_P3PvNWzrms_vtpCw&previous_page_section_name=1000
Quarto em Ilhabela,R$251,www.airbnb.com.br/rooms/23447972?adults=2&category_tag=Tag%3A8678&enable_m3_private_room=true&photo_id=936660623&search_mode=regular_search&check_in=2025-01-25&check_out=2025-01-26&source_impression_id=p3_1737242231_P3vC5tioYA79B3T5&previous_page_section_name=1000
Chalé em Ilhabela,R$230,www.airbnb.com.br/rooms/24752403?adults=2&children=0&enable_m3_private_room=true&infants=0&pets=0&search_mode=regular_search&check_in=2025-01-24&check_out=2025-01-26&source_impression_id=p3_1737242232_P3NNmY32wjg_ob_G&previous_page_section_name=1000
Quarto em Ilhabela,R$186,www.airbnb.com.br/rooms/1226007718217687703?adults=2&category_tag=Tag%3A8678&children=0&enable_m3_private_room=true&infants=0&pets=0&photo_id=1982384305&search_mode=regular_search&check_in=2025-01-24&check_out=2025-01-26&source_impression_id=p3_1737242232_P3ZItdcJZha9r45C&previous_page_section_name=1000
Quarto em Vila,R$346,www.airbnb.com.br/rooms/545087297659336674?adults=2&category_tag=Tag%3A8678&children=0&enable_m3_private_room=true&infants=0&pets=0&photo_id=1636648531&search_mode=regular_search&check_in=2025-01-25&check_out=2025-01-27&source_impression_id=p3_1737242232_P3n4RI04PqIBnZgT&previous_page_section_name=1000
Casa em Ilhabela,R$369,www.airbnb.com.br/rooms/760903103244132002?adults=2&children=0&enable_m3_private_room=true&infants=0&pets=0&search_mode=regular_search&check_in=2025-01-24&check_out=2025-01-26&source_impression_id=p3_1737242232_P3haCtDq9IM42sMf&previous_page_section_name=1000
Casa em Ilhabela,R$291,www.airbnb.com.br/rooms/1287764668459307667?adults=2&children=0&enable_m3_private_room=true&infants=0&pets=0&search_mode=regular_search&check_in=2025-01-25&check_out=2025-01-27&source_impression_id=p3_1737242232_P3udgq44Nt-x8OMl&previous_page_section_name=1000
Microcasa em Ilhabela,R$217,www.airbnb.com.br/rooms/1283589275117183129?adults=2&children=0&enable_m3_private_room=true&infants=0&pets=0&search_mode=regular_search&check_in=2025-01-25&check_out=2025-01-27&source_impression_id=p3_1737242232_P3APhtsS6aWx_nqt&previous_page_section_name=1000
Quarto em Ilhabela,R$233,www.airbnb.com.br/rooms/1327479185311159054?adults=2&category_tag=Tag%3A8678&enable_m3_private_room=true&photo_id=2066300724&search_mode=regular_search&check_in=2025-01-25&check_out=2025-01-26&source_impression_id=p3_1737242231_P31noA4Te3igLaCj&previous_page_section_name=1000
Quarto em Ilhabela,R$668,www.airbnb.com.br/rooms/1309480640828073269?adults=2&category_tag=Tag%3A8678&enable_m3_private_room=true&photo_id=2046863632&search_mode=regular_search&check_in=2025-01-25&check_out=2025-01-26&source_impression_id=p3_1737242231_P39M4OYohjja-sUR&previous_page_section_name=1000
Suíte de hóspedes em Ilhabela,R$222,www.airbnb.com.br/rooms/21218176?adults=2&search_mode=regular_search&check_in=2025-01-25&check_out=2025-01-26&source_impression_id=p3_1737242231_P3yyMNJMT_TtORus&previous_page_section_name=1000
Microcasa em Ilhabela,R$251,www.airbnb.com.br/rooms/39170799?adults=2&search_mode=regular_search&check_in=2025-01-25&check_out=2025-01-26&source_impression_id=p3_1737242231_P3ou-5eYq9sbLPra&previous_page_section_name=1000
Casa em Ilhabela,R$425,www.airbnb.com.br/rooms/1230381783988822507?adults=2&search_mode=regular_search&check_in=2025-01-25&check_out=2025-01-26&source_impression_id=p3_1737242231_P3YIYNoKzdw89aZb&previous_page_section_name=1000
Pousada em Ilhabela,R$522,www.airbnb.com.br/rooms/1024393806779373864?adults=2&search_mode=regular_search&check_in=2025-01-25&check_out=2025-01-26&source_impression_id=p3_1737242231_P30qXovDKx_iemTq&previous_page_section_name=1000
Chalé em Barra Velha,R$274,www.airbnb.com.br/rooms/44943070?adults=2&search_mode=regular_search&check_in=2025-01-25&check_out=2025-01-26&source_impression_id=p3_1737242231_P3jao-DhByqCBJKs&previous_page_section_name=1000
Apartamento em Ilhabela,R$324,www.airbnb.com.br/rooms/1317242032688505227?adults=2&search_mode=regular_search&check_in=2025-01-25&check_out=2025-01-26&source_impression_id=p3_1737242231_P3956IlP0H1aYtfF&previous_page_section_name=1000
Microcasa em Ilhabela,R$320,www.airbnb.com.br/rooms/1286239049492678889?adults=2&search_mode=regular_search&check_in=2025-01-25&check_out=2025-01-26&source_impression_id=p3_1737242231_P3yZMjeylpwmwAcj&previous_page_section_name=1000
Casa em Ilhabela,R$359,www.airbnb.com.br/rooms/1271101523690288500?adults=2&search_mode=regular_search&check_in=2025-01-25&check_out=2025-01-26&source_impression_id=p3_1737242231_P3z1zCXEQkTNs5j-&previous_page_section_name=1000
Quarto em Ilhabela,R$514,www.airbnb.com.br/rooms/1277724144076584200?adults=2&category_tag=Tag%3A8678&enable_m3_private_room=true&photo_id=2029654656&search_mode=regular_search&check_in=2025-01-25&check_out=2025-01-26&source_impression_id=p3_1737242231_P3667HjhRTAthdmJ&previous_page_section_name=1000
Casa em Ilhabela,R$579,www.airbnb.com.br/rooms/38715377?adults=2&search_mode=regular_search&check_in=2025-01-25&check_out=2025-01-26&source_impression_id=p3_1737242231_P3rlERhv3XcOG-Zv&previous_page_section_name=1000
Condomínio em Ilhabela,R$328,www.airbnb.com.br/rooms/45022826?adults=2&search_mode=regular_search&check_in=2025-01-25&check_out=2025-01-26&source_impression_id=p3_1737242236_P30hD1Ft6PPzq4Yj&previous_page_section_name=1000
Quarto em Ilhabela,R$350,www.airbnb.com.br/rooms/15871703?adults=2&category_tag=Tag%3A8678&enable_m3_private_room=true&photo_id=1524646976&search_mode=regular_search&check_in=2025-01-25&check_out=2025-01-26&source_impression_id=p3_1737242236_P3yjb529wVPK0YSs&previous_page_section_name=1000
Quarto em Itaquanduba,R$298,www.airbnb.com.br/rooms/48589316?adults=2&category_tag=Tag%3A8678&enable_m3_private_room=true&photo_id=1578611211&search_mode=regular_search&check_in=2025-01-25&check_out=2025-01-26&source_impression_id=p3_1737242236_P3ywskxkUj4Cg8WB&previous_page_section_name=1000
Quarto em Ilhabela,R$742,www.airbnb.com.br/rooms/1309476464616170109?adults=2&category_tag=Tag%3A8678&enable_m3_private_room=true&photo_id=2046857340&search_mode=regular_search&check_in=2025-01-25&check_out=2025-01-26&source_impression_id=p3_1737242236_P3_Zh779Z6Ug80hA&previous_page_section_name=1000
Quarto em Ilhabela,R$373,www.airbnb.com.br/rooms/1063927418541957188?adults=2&category_tag=Tag%3A8678&enable_m3_private_room=true&photo_id=1815574612&search_mode=regular_search&check_in=2025-01-25&check_out=2025-01-26&source_impression_id=p3_1737242236_P3OgLyygD9WMNs3d&previous_page_section_name=1000
Quarto em Ilhabela,R$571,www.airbnb.com.br/rooms/1198499701344972625?adults=2&category_tag=Tag%3A8678&enable_m3_private_room=true&photo_id=1988375446&search_mode=regular_search&check_in=2025-01-25&check_out=2025-01-26&source_impression_id=p3_1737242236_P3NaaX9lR-kOZL6K&previous_page_section_name=1000
Apartamento em Ilhabela,R$321,www.airbnb.com.br/rooms/1318040937179086805?adults=2&search_mode=regular_search&check_in=2025-01-25&check_out=2025-01-26&source_impression_id=p3_1737242236_P3J86xlhabKoCfTG&previous_page_section_name=1000
Lugar para ficar em Ilhabela,R$308,www.airbnb.com.br/rooms/1108600786119145971?adults=2&search_mode=regular_search&check_in=2025-01-25&check_out=2025-01-26&source_impression_id=p3_1737242236_P3gpd1wSQvUjBMhu&previous_page_section_name=1000
Apartamento em Ilhabela,R$493,www.airbnb.com.br/rooms/1311062309321227171?adults=2&search_mode=regular_search&check_in=2025-01-25&check_out=2025-01-26&source_impression_id=p3_1737242236_P3yItmrkGhnsThiN&previous_page_section_name=1000
Suíte de hóspedes em Ilhabela,R$393,www.airbnb.com.br/rooms/984237607138593113?adults=2&search_mode=regular_search&check_in=2025-01-25&check_out=2025-01-26&source_impression_id=p3_1737242236_P3CV-plDjBlLuRso&previous_page_section_name=1000
Suíte de hóspedes em Ilhabela,R$485,www.airbnb.com.br/rooms/1120956124931547875?adults=2&search_mode=regular_search&check_in=2025-01-25&check_out=2025-01-26&source_impression_id=p3_1737242236_P3c0kHq_6q11qQjL&previous_page_section_name=1000
Quarto em Ilhabela,R$320,www.airbnb.com.br/rooms/1333276038672655526?adults=2&category_tag=Tag%3A8678&enable_m3_private_room=true&photo_id=2067443345&search_mode=regular_search&check_in=2025-01-25&check_out=2025-01-26&source_impression_id=p3_1737242236_P3nGPsAoWlDEAPDr&previous_page_section_name=1000
Quarto em Ilhabela,R$399,www.airbnb.com.br/rooms/1246531193120334001?adults=2&category_tag=Tag%3A8678&enable_m3_private_room=true&photo_id=2016363008&search_mode=regular_search&check_in=2025-01-25&check_out=2025-01-26&source_impression_id=p3_1737242236_P3EPSL4I_Feeq0MN&previous_page_section_name=1000
Quarto em Ilhabela,R$222,www.airbnb.com.br/rooms/10715322?adults=2&category_tag=Tag%3A8678&enable_m3_private_room=true&photo_id=121385886&search_mode=regular_search&check_in=2025-01-25&check_out=2025-01-26&source_impression_id=p3_1737242236_P3oF-rK0JXVwx2rK&previous_page_section_name=1000
Casa em Ilhabela,R$318,www.airbnb.com.br/rooms/1013916833584653013?adults=2&search_mode=regular_search&check_in=2025-01-25&check_out=2025-01-26&source_impression_id=p3_1737242236_P396Wll4N8HxbWtM&previous_page_section_name=1000
Pousada em Ilhabela,R$497,www.airbnb.com.br/rooms/1036243286322779278?adults=2&search_mode=regular_search&check_in=2025-01-25&check_out=2025-01-26&source_impression_id=p3_1737242236_P3teIGBss1gtZYjh&previous_page_section_name=1000
Chalé em Ilhabela,R$298,www.airbnb.com.br/rooms/42047169?adults=2&search_mode=regular_search&check_in=2025-01-25&check_out=2025-01-26&source_impression_id=p3_1737242236_P3jC8fTekOpK_Fi0&previous_page_section_name=1000
Quarto em Ilhabela,R$251,www.airbnb.com.br/rooms/1239822691130372190?adults=2&category_tag=Tag%3A8678&enable_m3_private_room=true&photo_id=1988762118&search_mode=regular_search&check_in=2025-01-25&check_out=2025-01-26&source_impression_id=p3_1737242236_P3qXpkgFTH4nlFxK&previous_page_section_name=1000
Chalé em Ilhabela,R$280,www.airbnb.com.br/rooms/1065101473091219263?adults=2&search_mode=regular_search&check_in=2025-01-25&check_out=2025-01-26&source_impression_id=p3_1737242247_P3Bb-NgKl9v5vNXW&previous_page_section_name=1000
Quarto em Ilhabela,R$411,www.airbnb.com.br/rooms/1044813892944189936?adults=2&category_tag=Tag%3A8678&enable_m3_private_room=true&photo_id=2060389061&search_mode=regular_search&check_in=2025-01-25&check_out=2025-01-26&source_impression_id=p3_1737242247_P33xkukXq2jeXgiu&previous_page_section_name=1000
Casa em Barra Velha,R$266,www.airbnb.com.br/rooms/53750338?adults=2&search_mode=regular_search&check_in=2025-01-25&check_out=2025-01-26&source_impression_id=p3_1737242247_P3o6wPqXjs-cS6bk&previous_page_section_name=1000
Quarto em Ilhabela,R$345,www.airbnb.com.br/rooms/964574978450572591?adults=2&category_tag=Tag%3A8678&enable_m3_private_room=true&photo_id=1725754452&search_mode=regular_search&check_in=2025-01-25&check_out=2025-01-26&source_impression_id=p3_1737242247_P3gO1UmMnHb4kW0a&previous_page_section_name=1000
Loft em Ilhabela,R$412,www.airbnb.com.br/rooms/39005739?adults=2&search_mode=regular_search&check_in=2025-01-25&check_out=2025-01-26&source_impression_id=p3_1737242247_P3RyEpzPKGlFmupE&previous_page_section_name=1000
Lugar para ficar em Ilhabela,R$346,www.airbnb.com.br/rooms/882665993498335831?adults=2&search_mode=regular_search&check_in=2025-01-25&check_out=2025-01-26&source_impression_id=p3_1737242247_P35bljXQm_D1qNFV&previous_page_section_name=1000
Quarto em Ilhabela,R$342,www.airbnb.com.br/rooms/1235600059027567235?adults=2&category_tag=Tag%3A8678&enable_m3_private_room=true&photo_id=1998779290&search_mode=regular_search&check_in=2025-01-25&check_out=2025-01-26&source_impression_id=p3_1737242247_P316ZN-wyksaOLE5&previous_page_section_name=1000
Apartamento em Ilhabela,R$685,www.airbnb.com.br/rooms/1154360550594957942?adults=2&search_mode=regular_search&check_in=2025-01-25&check_out=2025-01-26&source_impression_id=p3_1737242247_P3BqjsOaO4k6OhH7&previous_page_section_name=1000
Casa de hóspedes em Ilhabela,R$234,www.airbnb.com.br/rooms/846992191531693816?adults=2&search_mode=regular_search&check_in=2025-01-25&check_out=2025-01-26&source_impression_id=p3_1737242247_P3aTZY8258xSZlk-&previous_page_section_name=1000
Quarto em São Sebastião,R$205,www.airbnb.com.br/rooms/718732743513675859?adults=2&category_tag=Tag%3A8678&enable_m3_private_room=true&photo_id=1492311077&search_mode=regular_search&check_in=2025-01-25&check_out=2025-01-26&source_impression_id=p3_1737242247_P3oOoPqAycsVT2_e&previous_page_section_name=1000
Chalé em São Pedro,R$297,www.airbnb.com.br/rooms/41836296?adults=2&search_mode=regular_search&check_in=2025-01-25&check_out=2025-01-26&source_impression_id=p3_1737242247_P3nSPMxxBqgv_wX-&previous_page_section_name=1000
Quarto em Ilhabela,R$251,www.airbnb.com.br/rooms/53413809?adults=2&category_tag=Tag%3A8678&enable_m3_private_room=true&photo_id=1525838689&search_mode=regular_search&check_in=2025-01-25&check_out=2025-01-26&source_impression_id=p3_1737242247_P3SF_LlhuiCd88_H&previous_page_section_name=1000
Casa em São Sebastião,R$348,www.airbnb.com.br/rooms/1282019383040766315?adults=2&search_mode=regular_search&check_in=2025-01-25&check_out=2025-01-26&source_impression_id=p3_1737242247_P39IffH_zHWhOIKd&previous_page_section_name=1000
Chalé em Ilhabela,R$250,www.airbnb.com.br/rooms/1268468990371891535?adults=2&search_mode=regular_search&check_in=2025-01-25&check_out=2025-01-26&source_impression_id=p3_1737242247_P3oNa65c7vVnLPzs&previous_page_section_name=1000
Suíte de hóspedes em Pontal da Cruz,R$245,www.airbnb.com.br/rooms/51258019?adults=2&search_mode=regular_search&check_in=2025-01-25&check_out=2025-01-26&source_impression_id=p3_1737242247_P3nceS6flyhQEdnW&previous_page_section_name=1000
Casa em Ilhabela,R$514,www.airbnb.com.br/rooms/1254405014712284639?adults=2&search_mode=regular_search&check_in=2025-01-25&check_out=2025-01-26&source_impression_id=p3_1737242247_P3V2wNm3zWWK4H2U&previous_page_section_name=1000
Quarto em São Sebastião,R$262,www.airbnb.com.br/rooms/1299987972918332355?adults=2&category_tag=Tag%3A8678&enable_m3_private_room=true&photo_id=2038912373&search_mode=regular_search&check_in=2025-01-25&check_out=2025-01-26&source_impression_id=p3_1737242247_P3CFz0MBC1KJ1zdm&previous_page_section_name=1000
Quarto em Ilhabela,R$445,www.airbnb.com.br/rooms/1334278875813477204?adults=2&category_tag=Tag%3A8678&enable_m3_private_room=true&photo_id=2068537113&search_mode=regular_search&check_in=2025-01-25&check_out=2025-01-26&source_impression_id=p3_1737242247_P3o4Oi2meddQolBV&previous_page_section_name=1000
Quarto em Ilhabela,R$550,www.airbnb.com.br/rooms/1064019211365671563?adults=2&category_tag=Tag%3A8678&enable_m3_private_room=true&photo_id=1815645797&search_mode=regular_search&check_in=2025-01-25&check_out=2025-01-26&source_impression_id=p3_1737242258_P3e_hmFzDWTmE5AA&previous_page_section_name=1000
Quarto em São Sebastião,R$297,www.airbnb.com.br/rooms/15518492?adults=2&category_tag=Tag%3A8678&enable_m3_private_room=true&photo_id=1250232665&search_mode=regular_search&check_in=2025-01-25&check_out=2025-01-26&source_impression_id=p3_1737242258_P3IyuiE2UNJUXmyz&previous_page_section_name=1000
Quarto em Ilhabela,R$514,www.airbnb.com.br/rooms/1316128229560210244?adults=2&category_tag=Tag%3A8678&enable_m3_private_room=true&photo_id=2052920389&search_mode=regular_search&check_in=2025-01-25&check_out=2025-01-26&source_impression_id=p3_1737242258_P3NGLNlNvfy4l42-&previous_page_section_name=1000
Pousada em Ilhabela,R$495,www.airbnb.com.br/rooms/886989055543306174?adults=2&search_mode=regular_search&check_in=2025-01-25&check_out=2025-01-26&source_impression_id=p3_1737242258_P3grYi1HvUnOrrTp&previous_page_section_name=1000
Casa de hóspedes em São Sebastião,R$349,www.airbnb.com.br/rooms/987146141463454778?adults=2&search_mode=regular_search&check_in=2025-01-25&check_out=2025-01-26&source_impression_id=p3_1737242258_P33mVtB6E4aorL6h&previous_page_section_name=1000
Pousada em Ilhabela,R$449,www.airbnb.com.br/rooms/1173844796909677115?adults=2&search_mode=regular_search&check_in=2025-01-25&check_out=2025-01-26&source_impression_id=p3_1737242258_P3162RomJDSHvLIF&previous_page_section_name=1000
Quarto em Itaguassu,R$228,www.airbnb.com.br/rooms/47357481?adults=2&category_tag=Tag%3A8678&enable_m3_private_room=true&photo_id=1114257013&search_mode=regular_search&check_in=2025-01-25&check_out=2025-01-26&source_impression_id=p3_1737242258_P3IThECX6q4j7OsP&previous_page_section_name=1000
Casa em Ilhabela,R$399,www.airbnb.com.br/rooms/1106554069421608159?adults=2&search_mode=regular_search&check_in=2025-01-25&check_out=2025-01-26&source_impression_id=p3_1737242258_P3hLcJNQ58E3moMl&previous_page_section_name=1000
Quarto em Ilhabela,R$356,www.airbnb.com.br/rooms/659282665773052593?adults=2&category_tag=Tag%3A8678&enable_m3_private_room=true&photo_id=1498786807&search_mode=regular_search&check_in=2025-01-25&check_out=2025-01-26&source_impression_id=p3_1737242258_P35heT8x8aDWICcO&previous_page_section_name=1000
Casa em Ilhabela,R$700,www.airbnb.com.br/rooms/40418229?adults=2&search_mode=regular_search&check_in=2025-01-25&check_out=2025-01-26&source_impression_id=p3_1737242258_P3jm0Xr7F7K0eper&previous_page_section_name=1000
Quarto em São Sebastião,R$235,www.airbnb.com.br/rooms/1293641650257748113?adults=2&category_tag=Tag%3A8678&enable_m3_private_room=true&photo_id=2033415884&search_mode=regular_search&check_in=2025-01-25&check_out=2025-01-26&source_impression_id=p3_1737242258_P3oDnvGBV-YpofWX&previous_page_section_name=1000
Microcasa em Ilhabela,R$488,www.airbnb.com.br/rooms/1291402397083165632?adults=2&search_mode=regular_search&check_in=2025-01-25&check_out=2025-01-26&source_impression_id=p3_1737242258_P3eyb-BolReCEh7h&previous_page_section_name=1000
Casa em Ilhabela,R$285,www.airbnb.com.br/rooms/1326272221965529449?adults=2&search_mode=regular_search&check_in=2025-01-25&check_out=2025-01-26&source_impression_id=p3_1737242258_P37ozqlUmxejiOTy&previous_page_section_name=1000
Apartamento em Ilhabela,R$292,www.airbnb.com.br/rooms/1028693693349456357?adults=2&search_mode=regular_search&check_in=2025-01-25&check_out=2025-01-26&source_impression_id=p3_1737242258_P3b76oNN4eopWk0k&previous_page_section_name=1000
Apartamento em Ilhabela,R$406,www.airbnb.com.br/rooms/1199203215749370326?adults=2&search_mode=regular_search&check_in=2025-01-25&check_out=2025-01-26&source_impression_id=p3_1737242258_P3ClpPv1Ja5lWSng&previous_page_section_name=1000
Casa de hóspedes em Ilhabela,R$249,www.airbnb.com.br/rooms/1265351565248540647?adults=2&search_mode=regular_search&check_in=2025-01-25&check_out=2025-01-26&source_impression_id=p3_1737242258_P3zbr36m3QLv8kH-&previous_page_section_name=1000
Quarto em Ilhabela,R$406,www.airbnb.com.br/rooms/1197181517173319596?adults=2&category_tag=Tag%3A8678&enable_m3_private_room=true&photo_id=1949076949&search_mode=regular_search&check_in=2025-01-25&check_out=2025-01-26&source_impression_id=p3_1737242258_P3AMbn6KywroIuN3&previous_page_section_name=1000
Pousada em Bonete Beach,R$295,www.airbnb.com.br/rooms/591943450751200913?adults=2&search_mode=regular_search&check_in=2025-01-25&check_out=2025-01-26&source_impression_id=p3_1737242258_P3bjI2vJ1ZRrOtJa&previous_page_section_name=1000
Casa em Ilhabela,R$281,www.airbnb.com.br/rooms/1287903029118793369?adults=2&search_mode=regular_search&check_in=2025-01-25&check_out=2025-01-26&source_impression_id=p3_1737242269_P3Cmnk3LduqQO8-S&previous_page_section_name=1000
Ilha em Ilhabela,R$492,www.airbnb.com.br/rooms/7972420?adults=2&search_mode=regular_search&check_in=2025-01-25&check_out=2025-01-26&source_impression_id=p3_1737242269_P3qGwPfJL4BCk_wC&previous_page_section_name=1000
Quarto em São Sebastião,R$285,www.airbnb.com.br/rooms/1289066655351185323?adults=2&category_tag=Tag%3A8678&enable_m3_private_room=true&photo_id=2029310165&search_mode=regular_search&check_in=2025-01-25&check_out=2025-01-26&source_impression_id=p3_1737242269_P3W92PXshrFA6zGE&previous_page_section_name=1000
Quarto em Bonete Beach,R$240,www.airbnb.com.br/rooms/42863521?adults=2&category_tag=Tag%3A8678&enable_m3_private_room=true&photo_id=1361399087&search_mode=regular_search&check_in=2025-01-25&check_out=2025-01-26&source_impression_id=p3_1737242269_P3DvOMMS84mPc4HF&previous_page_section_name=1000
Quarto em Ilhabela,R$514,www.airbnb.com.br/rooms/1316139626646589852?adults=2&category_tag=Tag%3A8678&enable_m3_private_room=true&photo_id=2052912858&search_mode=regular_search&check_in=2025-01-25&check_out=2025-01-26&source_impression_id=p3_1737242269_P3y8-J-Ydk_YvFkm&previous_page_section_name=1000
Casa em Ilhabela,R$571,www.airbnb.com.br/rooms/1304472109084477286?adults=2&search_mode=regular_search&check_in=2025-01-25&check_out=2025-01-26&source_impression_id=p3_1737242269_P3itArBhSIK52LgP&previous_page_section_name=1000
Apartamento em Ilhabela,R$787,www.airbnb.com.br/rooms/18622740?adults=2&search_mode=regular_search&check_in=2025-01-25&check_out=2025-01-26&source_impression_id=p3_1737242269_P3KqwOPyOduUUr0x&previous_page_section_name=1000
Casa em Urubu,R$298,www.airbnb.com.br/rooms/21326718?adults=2&search_mode=regular_search&check_in=2025-01-25&check_out=2025-01-26&source_impression_id=p3_1737242269_P3ghXSB5ytvvGXHa&previous_page_section_name=1000
Quarto em Água Branca,R$232,www.airbnb.com.br/rooms/42434253?adults=2&category_tag=Tag%3A8678&enable_m3_private_room=true&photo_id=1251021565&search_mode=regular_search&check_in=2025-01-25&check_out=2025-01-26&source_impression_id=p3_1737242269_P3AYVieyWCeDcbX4&previous_page_section_name=1000
Quarto em Perequê,R$365,www.airbnb.com.br/rooms/53129140?adults=2&category_tag=Tag%3A8678&enable_m3_private_room=true&photo_id=1667197030&search_mode=regular_search&check_in=2025-01-25&check_out=2025-01-26&source_impression_id=p3_1737242269_P37v0FXJt2wZcm2p&previous_page_section_name=1000
Pousada em Ilhabela,R$576,www.airbnb.com.br/rooms/1039538965309010889?adults=2&search_mode=regular_search&check_in=2025-01-25&check_out=2025-01-26&source_impression_id=p3_1737242269_P3wiqbQEnCjfk_7w&previous_page_section_name=1000
Casa em Ilhabela,R$502,www.airbnb.com.br/rooms/1307227914314834193?adults=2&search_mode=regular_search&check_in=2025-01-25&check_out=2025-01-26&source_impression_id=p3_1737242269_P39l7uNMpjEi8xZh&previous_page_section_name=1000
Casa em Ilhabela,R$399,www.airbnb.com.br/rooms/1300939064712134328?adults=2&search_mode=regular_search&check_in=2025-01-25&check_out=2025-01-26&source_impression_id=p3_1737242269_P3HvM7FckGH_TVn9&previous_page_section_name=1000
Quarto em São Sebastião,R$171,www.airbnb.com.br/rooms/1290538869166123684?adults=2&category_tag=Tag%3A8678&enable_m3_private_room=true&photo_id=2030640929&search_mode=regular_search&check_in=2025-01-25&check_out=2025-01-26&source_impression_id=p3_1737242269_P3ezdl0xX2shNN3K&previous_page_section_name=1000
Casa de veraneio em Ilhabela,R$274,www.airbnb.com.br/rooms/776872138320133167?adults=2&search_mode=regular_search&check_in=2025-01-25&check_out=2025-01-26&source_impression_id=p3_1737242269_P3GTYMVk55PmgFI-&previous_page_section_name=1000
Pousada em Ilhabela,R$613,www.airbnb.com.br/rooms/1160083238379498626?adults=2&search_mode=regular_search&check_in=2025-01-25&check_out=2025-01-26&source_impression_id=p3_1737242269_P3m1dsvtqT9cyr42&previous_page_section_name=1000
Casa de hóspedes em Ilhabela,R$374,www.airbnb.com.br/rooms/1329714536971710808?adults=2&search_mode=regular_search&check_in=2025-01-25&check_out=2025-01-26&source_impression_id=p3_1737242269_P3MOZycvu6fGDWFi&previous_page_section_name=1000
Quarto em Praia do Porto Grande,R$320,www.airbnb.com.br/rooms/46981489?adults=2&category_tag=Tag%3A8678&enable_m3_private_room=true&photo_id=1113766804&search_mode=regular_search&check_in=2025-01-25&check_out=2025-01-26&source_impression_id=p3_1737242269_P30bc8ApK0WD47CP&previous_page_section_name=1000
Quarto em Bonete Beach,R$274,www.airbnb.com.br/rooms/783286101197762107?adults=2&category_tag=Tag%3A8678&enable_m3_private_room=true&photo_id=1557161956&search_mode=regular_search&check_in=2025-01-25&check_out=2025-01-26&source_impression_id=p3_1737242280_P3d-hyMkob9Fhnbf&previous_page_section_name=1000
Apartamento em Ilhabela,R$228,www.airbnb.com.br/rooms/857347879753143368?adults=2&search_mode=regular_search&check_in=2025-01-25&check_out=2025-01-26&source_impression_id=p3_1737242280_P33VdIH2Bpjyv1RL&previous_page_section_name=1000
Quarto em Ilhabela,R$593,www.airbnb.com.br/rooms/1147866749541602969?adults=2&category_tag=Tag%3A8678&enable_m3_private_room=true&photo_id=1921325523&search_mode=regular_search&check_in=2025-01-25&check_out=2025-01-26&source_impression_id=p3_1737242280_P3qjQg_nYFwYr3IV&previous_page_section_name=1000
Apartamento em Ilhabela,R$909,www.airbnb.com.br/rooms/858896217644527401?adults=2&search_mode=regular_search&check_in=2025-01-25&check_out=2025-01-26&source_impression_id=p3_1737242280_P3lLNudUVoeOyTjq&previous_page_section_name=1000
Casa em Ilhabela,R$571,www.airbnb.com.br/rooms/1310904639289216704?adults=2&search_mode=regular_search&check_in=2025-01-25&check_out=2025-01-26&source_impression_id=p3_1737242280_P3MwX7QXkZo61IZP&previous_page_section_name=1000
Quarto em Ilhabela,R$628,www.airbnb.com.br/rooms/1330599842854577478?adults=2&category_tag=Tag%3A8678&enable_m3_private_room=true&photo_id=2065135955&search_mode=regular_search&check_in=2025-01-25&check_out=2025-01-26&source_impression_id=p3_1737242280_P3Eum7uUkr6In_F8&previous_page_section_name=1000
Quarto em Ilhabela,R$176,www.airbnb.com.br/rooms/1335417659151305142?adults=2&category_tag=Tag%3A8678&enable_m3_private_room=true&photo_id=2069603639&search_mode=regular_search&check_in=2025-01-25&check_out=2025-01-26&source_impression_id=p3_1737242280_P3nhQSxd2nLvybcL&previous_page_section_name=1000
Apartamento em Santa Tereza,R$1.076,www.airbnb.com.br/rooms/44447444?adults=2&search_mode=regular_search&check_in=2025-01-25&check_out=2025-01-26&source_impression_id=p3_1737242280_P3UmU55SoBOE2WgN&previous_page_section_name=1000
Casa em Barra Velha,R$254,www.airbnb.com.br/rooms/47077173?adults=2&search_mode=regular_search&check_in=2025-01-25&check_out=2025-01-26&source_impression_id=p3_1737242280_P3wzWQpvvKlyMkIg&previous_page_section_name=1000
Suíte de hóspedes em Cocaia,R$597,www.airbnb.com.br/rooms/47283322?adults=2&search_mode=regular_search&check_in=2025-01-25&check_out=2025-01-26&source_impression_id=p3_1737242280_P3NrlMmdPgveW3Xf&previous_page_section_name=1000
Apartamento em São Sebastião,R$354,www.airbnb.com.br/rooms/1056502058398282412?adults=2&search_mode=regular_search&check_in=2025-01-25&check_out=2025-01-26&source_impression_id=p3_1737242280_P3XbD8xw-e-Ag1wu&previous_page_section_name=1000
Quarto em Ilhabela,R$584,www.airbnb.com.br/rooms/1063970789775869366?adults=2&category_tag=Tag%3A8678&enable_m3_private_room=true&photo_id=1815604517&search_mode=regular_search&check_in=2025-01-25&check_out=2025-01-26&source_impression_id=p3_1737242280_P3AvXReesDS4SxKK&previous_page_section_name=1000
Pousada em Ilhabela,R$634,www.airbnb.com.br/rooms/1219595511479780251?adults=2&search_mode=regular_search&check_in=2025-01-25&check_out=2025-01-26&source_impression_id=p3_1737242280_P3MIlnY7lo1a6jdH&previous_page_section_name=1000
Chalé em Ilhabela,R$456,www.airbnb.com.br/rooms/21628623?adults=2&search_mode=regular_search&check_in=2025-01-25&check_out=2025-01-26&source_impression_id=p3_1737242280_P3bl3xRUX5AoLa-f&previous_page_section_name=1000
Suíte de hóspedes em Ilhabela,R$978,www.airbnb.com.br/rooms/493839?adults=2&search_mode=regular_search&check_in=2025-01-25&check_out=2025-01-26&source_impression_id=p3_1737242280_P3RTljp8NfBSbbZf&previous_page_section_name=1000
Casa em São Sebastião,R$261,www.airbnb.com.br/rooms/1318996936457002951?adults=2&search_mode=regular_search&check_in=2025-01-25&check_out=2025-01-26&source_impression_id=p3_1737242280_P3oB5dhzKN-bjcgF&previous_page_section_name=1000
Quarto em Ilhabela,R$613,www.airbnb.com.br/rooms/43580137?adults=2&category_tag=Tag%3A8678&enable_m3_private_room=true&photo_id=1992595693&search_mode=regular_search&check_in=2025-01-25&check_out=2025-01-26&source_impression_id=p3_1737242280_P39-p2B6iZaD9buT&previous_page_section_name=1000
Hotel em Ilhabela,R$891,www.airbnb.com.br/rooms/1267322271178034920?adults=2&search_mode=regular_search&check_in=2025-01-25&check_out=2025-01-26&source_impression_id=p3_1737242280_P3WCOAobmPJavQjR&previous_page_section_name=1000
Hotel em Ilhabela,R$936,www.airbnb.com.br/rooms/1267328095082813032?adults=2&search_mode=regular_search&check_in=2025-01-25&check_out=2025-01-26&source_impression_id=p3_1737242291_P3q9twI9ByqZ8ZbP&previous_page_section_name=1000
Barco em Ilhabela,R$809,www.airbnb.com.br/rooms/1310028433205063573?adults=2&search_mode=regular_search&check_in=2025-01-25&check_out=2025-01-26&source_impression_id=p3_1737242291_P3BN0gVeq6Od8peB&previous_page_section_name=1000
Quarto em Centro,R$297,www.airbnb.com.br/rooms/21565422?adults=2&category_tag=Tag%3A8678&enable_m3_private_room=true&photo_id=1250247974&search_mode=regular_search&check_in=2025-01-25&check_out=2025-01-26&source_impression_id=p3_1737242291_P3u75UuDNkCY8BUb&previous_page_section_name=1000
Quarto em Ilhabela,R$610,www.airbnb.com.br/rooms/1304304558562538551?adults=2&category_tag=Tag%3A8678&enable_m3_private_room=true&photo_id=2042309547&search_mode=regular_search&check_in=2025-01-25&check_out=2025-01-26&source_impression_id=p3_1737242291_P35Xu_dFEWFmYjVU&previous_page_section_name=1000
Quarto em São Sebastião,R$401,www.airbnb.com.br/rooms/807866574443825130?adults=2&category_tag=Tag%3A8678&enable_m3_private_room=true&photo_id=1641802268&search_mode=regular_search&check_in=2025-01-25&check_out=2025-01-26&source_impression_id=p3_1737242291_P3O_gdBlWYxFYUqu&previous_page_section_name=1000
Quarto em Ilhabela,R$242,www.airbnb.com.br/rooms/1150808173590727821?adults=2&category_tag=Tag%3A8678&enable_m3_private_room=true&photo_id=2020175867&search_mode=regular_search&check_in=2025-01-25&check_out=2025-01-26&source_impression_id=p3_1737242291_P3EDN8gXRVpsSjT9&previous_page_section_name=1000
Quarto em São Sebastião,R$290,www.airbnb.com.br/rooms/878168769928586525?adults=2&category_tag=Tag%3A8678&enable_m3_private_room=true&photo_id=2033448857&search_mode=regular_search&check_in=2025-01-25&check_out=2025-01-26&source_impression_id=p3_1737242291_P3mG5icl9NjpgNEG&previous_page_section_name=1000
Tenda em Ilhabela,R$302,www.airbnb.com.br/rooms/1177442463155323409?adults=2&search_mode=regular_search&check_in=2025-01-25&check_out=2025-01-26&source_impression_id=p3_1737242291_P3k22qwlO0RaG4E2&previous_page_section_name=1000
Quarto em Ilhabela,R$364,www.airbnb.com.br/rooms/1036958865956330005?adults=2&category_tag=Tag%3A8678&enable_m3_private_room=true&photo_id=1792629122&search_mode=regular_search&check_in=2025-01-25&check_out=2025-01-26&source_impression_id=p3_1737242291_P3sg--qkeK0GObFw&previous_page_section_name=1000
Quarto em São Sebastião,R$230,www.airbnb.com.br/rooms/1313773254305607614?adults=2&category_tag=Tag%3A8678&enable_m3_private_room=true&photo_id=2050665165&search_mode=regular_search&check_in=2025-01-25&check_out=2025-01-26&source_impression_id=p3_1737242291_P3eXLm2XL2YrcdjB&previous_page_section_name=1000
Pousada em Ilhabela,R$548,www.airbnb.com.br/rooms/1035247492810342385?adults=2&search_mode=regular_search&check_in=2025-01-25&check_out=2025-01-26&source_impression_id=p3_1737242291_P34xVmsJM1-oWc19&previous_page_section_name=1000
Quarto em São Sebastião,R$356,www.airbnb.com.br/rooms/1032671386447644456?adults=2&category_tag=Tag%3A8678&enable_m3_private_room=true&photo_id=1788497648&search_mode=regular_search&check_in=2025-01-25&check_out=2025-01-26&source_impression_id=p3_1737242291_P3uK0EsMosFR5JrY&previous_page_section_name=1000
Quarto em São Sebastião,R$327,www.airbnb.com.br/rooms/1328202638306481941?adults=2&category_tag=Tag%3A8678&enable_m3_private_room=true&photo_id=2062581338&search_mode=regular_search&check_in=2025-01-25&check_out=2025-01-26&source_impression_id=p3_1737242291_P3Cfl_E7ZYp_0YHt&previous_page_section_name=1000
Suíte de hóspedes em Bonete Beach,R$274,www.airbnb.com.br/rooms/607711125340683998?adults=2&search_mode=regular_search&check_in=2025-01-25&check_out=2025-01-26&source_impression_id=p3_1737242291_P3Ni629-en1fjF12&previous_page_section_name=1000
Chalé em Ilhabela,R$605,www.airbnb.com.br/rooms/1313020011097310584?adults=2&search_mode=regular_search&check_in=2025-01-25&check_out=2025-01-26&source_impression_id=p3_1737242291_P37AaR0T5nnVFlkG&previous_page_section_name=1000
Casa em Ilhabela,R$345,www.airbnb.com.br/rooms/1287877131598770460?adults=2&search_mode=regular_search&check_in=2025-01-25&check_out=2025-01-26&source_impression_id=p3_1737242291_P3fJU39H3uleFk1l&previous_page_section_name=1000
Condomínio em Ilhabela,R$2.116,www.airbnb.com.br/rooms/31516858?adults=2&search_mode=regular_search&check_in=2025-01-25&check_out=2025-01-26&source_impression_id=p3_1737242291_P3lQnmE2Hs70GrC5&previous_page_section_name=1000
Quarto em Ilhabela,R$365,www.airbnb.com.br/rooms/906545381877682578?adults=2&category_tag=Tag%3A8678&enable_m3_private_room=true&photo_id=1667206525&search_mode=regular_search&check_in=2025-01-25&check_out=2025-01-26&source_impression_id=p3_1737242291_P3B49aC8ANIrM71V&previous_page_section_name=1000
Quarto em São Sebastião,R$361,www.airbnb.com.br/rooms/807834775108250626?adults=2&category_tag=Tag%3A8678&enable_m3_private_room=true&photo_id=1581093620&search_mode=regular_search&check_in=2025-01-25&check_out=2025-01-26&source_impression_id=p3_1737242302_P3mgLjOCcmayvY6t&previous_page_section_name=1000
Quarto em Ilhabela,R$648,www.airbnb.com.br/rooms/857133080221271621?adults=2&category_tag=Tag%3A8678&enable_m3_private_room=true&photo_id=2020822319&search_mode=regular_search&check_in=2025-01-25&check_out=2025-01-26&source_impression_id=p3_1737242302_P3gLxnY0yqTOB3HH&previous_page_section_name=1000
Quarto em Ilhabela,R$627,www.airbnb.com.br/rooms/1308791567162329465?adults=2&category_tag=Tag%3A8678&enable_m3_private_room=true&photo_id=2046197430&search_mode=regular_search&check_in=2025-01-25&check_out=2025-01-26&source_impression_id=p3_1737242302_P3Dy5wjc6I7pYAU2&previous_page_section_name=1000
Casa em São Sebastião,R$411,www.airbnb.com.br/rooms/1325406480097050430?adults=2&search_mode=regular_search&check_in=2025-01-25&check_out=2025-01-26&source_impression_id=p3_1737242302_P3uKUToubdTlKAuy&previous_page_section_name=1000
Condomínio em Ilhabela,R$2.249,www.airbnb.com.br/rooms/1021149?adults=2&search_mode=regular_search&check_in=2025-01-25&check_out=2025-01-26&source_impression_id=p3_1737242302_P3bxFfz8A0iVB_d4&previous_page_section_name=1000
Casa na árvore em Ilhabela,R$668,www.airbnb.com.br/rooms/1327710259208570474?adults=2&search_mode=regular_search&check_in=2025-01-25&check_out=2025-01-26&source_impression_id=p3_1737242302_P3WobXNdsu0hwkHp&previous_page_section_name=1000
Quarto em Ilhabela,R$365,www.airbnb.com.br/rooms/846557093900654811?adults=2&category_tag=Tag%3A8678&enable_m3_private_room=true&photo_id=1606316501&search_mode=regular_search&check_in=2025-01-25&check_out=2025-01-26&source_impression_id=p3_1737242302_P3TiFKrF7gEN6d76&previous_page_section_name=1000
Quarto em São Sebastião,R$244,www.airbnb.com.br/rooms/820114085759719204?adults=2&category_tag=Tag%3A8678&enable_m3_private_room=true&photo_id=1581590758&search_mode=regular_search&check_in=2025-01-25&check_out=2025-01-26&source_impression_id=p3_1737242302_P3nruAqa6gx5-xzK&previous_page_section_name=1000
Casa em Ilhabela,R$406,www.airbnb.com.br/rooms/1282870959267907582?adults=2&search_mode=regular_search&check_in=2025-01-25&check_out=2025-01-26&source_impression_id=p3_1737242302_P387Q8mModf5iFIQ&previous_page_section_name=1000
Chalé em Ilhabela,R$514,www.airbnb.com.br/rooms/1316501908647407442?adults=2&search_mode=regular_search&check_in=2025-01-25&check_out=2025-01-26&source_impression_id=p3_1737242302_P3XkjvpWruTGzd5l&previous_page_section_name=1000
Casa em São Sebastião,R$301,www.airbnb.com.br/rooms/792713122210374957?adults=2&search_mode=regular_search&check_in=2025-01-25&check_out=2025-01-26&source_impression_id=p3_1737242302_P3SUm8B1SDWIiBvt&previous_page_section_name=1000
Quarto em Praia do Porto Grande,R$394,www.airbnb.com.br/rooms/46771633?adults=2&category_tag=Tag%3A8678&enable_m3_private_room=true&photo_id=2043847506&search_mode=regular_search&check_in=2025-01-25&check_out=2025-01-26&source_impression_id=p3_1737242302_P3tWjbklIt--fztt&previous_page_section_name=1000
Pousada em São Paulo,R$472,www.airbnb.com.br/rooms/1052201228391557226?adults=2&search_mode=regular_search&check_in=2025-01-25&check_out=2025-01-26&source_impression_id=p3_1737242302_P3BdvG0rj4edeAdM&previous_page_section_name=1000
Acampamento em Praia do Perequê,R$363,www.airbnb.com.br/rooms/47752972?adults=2&search_mode=regular_search&check_in=2025-01-25&check_out=2025-01-26&source_impression_id=p3_1737242302_P3I69XWX68_GNQ5z&previous_page_section_name=1000
Acampamento em Praia do Perequê,R$214,www.airbnb.com.br/rooms/47753537?adults=2&search_mode=regular_search&check_in=2025-01-25&check_out=2025-01-26&source_impression_id=p3_1737242302_P3C7XBhifXyEQ4Uu&previous_page_section_name=1000
Pousada em Ilhabela,R$458,www.airbnb.com.br/rooms/731876159421347352?adults=2&search_mode=regular_search&check_in=2025-01-25&check_out=2025-01-26&source_impression_id=p3_1737242302_P3rgecXqkn2PLOEj&previous_page_section_name=1000
Casa de hóspedes em Ilhabela,R$593,www.airbnb.com.br/rooms/1151598301287327119?adults=2&search_mode=regular_search&check_in=2025-01-25&check_out=2025-01-26&source_impression_id=p3_1737242302_P3-8P_1Ijuwx8gEO&previous_page_section_name=1000
Quarto em Ilhabela,R$326,www.airbnb.com.br/rooms/17821925?adults=2&category_tag=Tag%3A8678&enable_m3_private_room=true&photo_id=1586880702&search_mode=regular_search&check_in=2025-01-25&check_out=2025-01-26&source_impression_id=p3_1737242302_P3in_ghnBrHERX6q&previous_page_section_name=1000
Casa em Ilhabela,R$685,www.airbnb.com.br/rooms/1327596419722922021?adults=2&search_mode=regular_search&check_in=2025-01-25&check_out=2025-01-26&source_impression_id=p3_1737242313_P324SmT5K61Fl8MW&previous_page_section_name=1000
Quarto em Ilhabela,R$281,www.airbnb.com.br/rooms/1326766956875906421?adults=2&category_tag=Tag%3A8678&enable_m3_private_room=true&photo_id=2061291748&search_mode=regular_search&check_in=2025-01-25&check_out=2025-01-26&source_impression_id=p3_1737242313_P34x6-bUWP91ODEW&previous_page_section_name=1000
Quarto em Ilhabela,R$776,www.airbnb.com.br/rooms/1329672775840993478?adults=2&category_tag=Tag%3A8678&enable_m3_private_room=true&photo_id=2064112637&search_mode=regular_search&check_in=2025-01-25&check_out=2025-01-26&source_impression_id=p3_1737242313_P3q3pagcQB_zc8-l&previous_page_section_name=1000
Condomínio em Ilhabela,R$2.249,www.airbnb.com.br/rooms/23917641?adults=2&search_mode=regular_search&check_in=2025-01-25&check_out=2025-01-26&source_impression_id=p3_1737242313_P3lt5EFD7RB8QdQh&previous_page_section_name=1000
Quarto em Ilhabela,R$342,www.airbnb.com.br/rooms/1025216671815318232?adults=2&category_tag=Tag%3A8678&enable_m3_private_room=true&photo_id=1780780778&search_mode=regular_search&check_in=2025-01-25&check_out=2025-01-26&source_impression_id=p3_1737242313_P3jCJsSNR7ci11_D&previous_page_section_name=1000
Quarto em Bonete Beach,R$262,www.airbnb.com.br/rooms/904008495479978670?adults=2&category_tag=Tag%3A8678&enable_m3_private_room=true&photo_id=1664640576&search_mode=regular_search&check_in=2025-01-25&check_out=2025-01-26&source_impression_id=p3_1737242313_P3IuNFC1h7U9sg1w&previous_page_section_name=1000
Quarto em Ilhabela,R$324,www.airbnb.com.br/rooms/1278549647254997705?adults=2&category_tag=Tag%3A8678&enable_m3_private_room=true&photo_id=2020569847&search_mode=regular_search&check_in=2025-01-25&check_out=2025-01-26&source_impression_id=p3_1737242313_P3vBjUhKPqVDMUJJ&previous_page_section_name=1000
Bangalô em Ilhabela,R$934,www.airbnb.com.br/rooms/39509268?adults=2&search_mode=regular_search&check_in=2025-01-25&check_out=2025-01-26&source_impression_id=p3_1737242313_P31f5iklTL6h8Jxn&previous_page_section_name=1000
Quarto em São Sebastião,R$320,www.airbnb.com.br/rooms/1302407850099778388?adults=2&category_tag=Tag%3A8678&enable_m3_private_room=true&photo_id=2053689816&search_mode=regular_search&check_in=2025-01-25&check_out=2025-01-26&source_impression_id=p3_1737242313_P3QojNlL5tl7aAFS&previous_page_section_name=1000
Hotel em Ilhabela,R$400,www.airbnb.com.br/rooms/684019067933531495?adults=2&search_mode=regular_search&check_in=2025-01-25&check_out=2025-01-26&source_impression_id=p3_1737242313_P3m1Ir-W67Xiqqup&previous_page_section_name=1000
Acampamento em Ilhabela,R$128,www.airbnb.com.br/rooms/39366761?adults=2&search_mode=regular_search&check_in=2025-01-25&check_out=2025-01-26&source_impression_id=p3_1737242313_P3mWTt3sbuo5pXtF&previous_page_section_name=1000
Hotel em Ilhabela,R$400,www.airbnb.com.br/rooms/684019773378213201?adults=2&search_mode=regular_search&check_in=2025-01-25&check_out=2025-01-26&source_impression_id=p3_1737242313_P3hAyEHH6u2oMCR9&previous_page_section_name=1000
Pousada em Ilhabela,R$504,www.airbnb.com.br/rooms/731872799734735761?adults=2&search_mode=regular_search&check_in=2025-01-25&check_out=2025-01-26&source_impression_id=p3_1737242313_P3bSeoupXlZBGDl1&previous_page_section_name=1000
Microcasa em Ilhabela,R$478,www.airbnb.com.br/rooms/1283516274345343496?adults=2&search_mode=regular_search&check_in=2025-01-25&check_out=2025-01-26&source_impression_id=p3_1737242313_P3ewo-Ib7amjUVJt&previous_page_section_name=1000
Casa em Ilhabela,R$364,www.airbnb.com.br/rooms/1328146591143268982?adults=2&search_mode=regular_search&check_in=2025-01-25&check_out=2025-01-26&source_impression_id=p3_1737242313_P3JlIvPYjGlYuzbE&previous_page_section_name=1000
Casa em Ilhabela,R$456,www.airbnb.com.br/rooms/974679462930384688?adults=2&search_mode=regular_search&check_in=2025-01-25&check_out=2025-01-26&source_impression_id=p3_1737242313_P3HeexG4bVp56YoN&previous_page_section_name=1000
Pousada em Ilhabela,R$501,www.airbnb.com.br/rooms/1173832788552059671?adults=2&search_mode=regular_search&check_in=2025-01-25&check_out=2025-01-26&source_impression_id=p3_1737242313_P345ZTHj5yGvjxPP&previous_page_section_name=1000
Quarto em Ilhabela,R$674,www.airbnb.com.br/rooms/1031994646640971394?adults=2&category_tag=Tag%3A8678&enable_m3_private_room=true&photo_id=2052221965&search_mode=regular_search&check_in=2025-01-25&check_out=2025-01-26&source_impression_id=p3_1737242313_P3K6XZHmPt6kEpCP&previous_page_section_name=1000
Casa de hóspedes em Ilhabela,R$364,www.airbnb.com.br/rooms/2566075?adults=2&search_mode=regular_search&check_in=2025-01-25&check_out=2025-01-26&source_impression_id=p3_1737242324_P354r2f6qNRW6H2_&previous_page_section_name=1000
Casa em Ilhabela,R$532,www.airbnb.com.br/rooms/1293168499563351032?adults=2&search_mode=regular_search&check_in=2025-01-25&check_out=2025-01-26&source_impression_id=p3_1737242324_P3lk0Ct11JKN8BfD&previous_page_section_name=1000
Quarto em Ilhabela,R$409,www.airbnb.com.br/rooms/1246534024924109937?adults=2&category_tag=Tag%3A8678&enable_m3_private_room=true&photo_id=2016355796&search_mode=regular_search&check_in=2025-01-25&check_out=2025-01-26&source_impression_id=p3_1737242324_P3c9s81OAsx_GDAn&previous_page_section_name=1000
Lugar para ficar em Caraguatatuba,R$171,www.airbnb.com.br/rooms/1011019151642568562?adults=2&search_mode=regular_search&check_in=2025-01-25&check_out=2025-01-26&source_impression_id=p3_1737242324_P3HG7tqO5HDm9dkA&previous_page_section_name=1000
Vila em Ilhabela,R$1.047,www.airbnb.com.br/rooms/688976662961070015?adults=2&search_mode=regular_search&check_in=2025-01-25&check_out=2025-01-26&source_impression_id=p3_1737242324_P3bsSTg1AteQ7Ura&previous_page_section_name=1000
Quarto em São Sebastião,R$228,www.airbnb.com.br/rooms/1041938878223554282?adults=2&category_tag=Tag%3A8678&enable_m3_private_room=true&photo_id=1798450095&search_mode=regular_search&check_in=2025-01-25&check_out=2025-01-26&source_impression_id=p3_1737242324_P3sssny4iVmRPzxK&previous_page_section_name=1000
Condomínio em Ilhabela,R$2.116,www.airbnb.com.br/rooms/9999355?adults=2&search_mode=regular_search&check_in=2025-01-25&check_out=2025-01-26&source_impression_id=p3_1737242324_P3R5citSuYRsE_2j&previous_page_section_name=1000
Casa na terra em São Sebastião,R$231,www.airbnb.com.br/rooms/17647998?adults=2&search_mode=regular_search&check_in=2025-01-25&check_out=2025-01-26&source_impression_id=p3_1737242324_P35abSS3l9ZyBbuw&previous_page_section_name=1000
Condomínio em Ilhabela,R$2.381,www.airbnb.com.br/rooms/4831079?adults=2&search_mode=regular_search&check_in=2025-01-25&check_out=2025-01-26&source_impression_id=p3_1737242324_P3vssUQ1iSOIC77B&previous_page_section_name=1000
Quarto em Ilhabela,R$380,www.airbnb.com.br/rooms/1071992598805906721?adults=2&category_tag=Tag%3A8678&enable_m3_private_room=true&photo_id=1823560089&search_mode=regular_search&check_in=2025-01-25&check_out=2025-01-26&source_impression_id=p3_1737242324_P3XpUQiyEakAmGvR&previous_page_section_name=1000
Quarto em São Sebastião,R$401,www.airbnb.com.br/rooms/807823668510434808?adults=2&category_tag=Tag%3A8678&enable_m3_private_room=true&photo_id=1581093467&search_mode=regular_search&check_in=2025-01-25&check_out=2025-01-26&source_impression_id=p3_1737242324_P3qxe8WTvDE17v46&previous_page_section_name=1000
Casa em Ilhabela,R$514,www.airbnb.com.br/rooms/1295763071046963305?adults=2&search_mode=regular_search&check_in=2025-01-25&check_out=2025-01-26&source_impression_id=p3_1737242324_P3nMKc22qpkOqNnv&previous_page_section_name=1000
Apartamento em Ilhabela,R$1.024,www.airbnb.com.br/rooms/858901024778235465?adults=2&search_mode=regular_search&check_in=2025-01-25&check_out=2025-01-26&source_impression_id=p3_1737242324_P3TldAuYxZ8yzznL&previous_page_section_name=1000
Quarto em Ilhabela,R$488,www.airbnb.com.br/rooms/1315247140277361383?adults=2&category_tag=Tag%3A8678&enable_m3_private_room=true&photo_id=2052102158&search_mode=regular_search&check_in=2025-01-25&check_out=2025-01-26&source_impression_id=p3_1737242324_P3oxATEFu8VTp2x3&previous_page_section_name=1000
Quarto em São Sebastião,R$250,www.airbnb.com.br/rooms/1308070003575546526?adults=2&category_tag=Tag%3A8678&enable_m3_private_room=true&photo_id=2045526231&search_mode=regular_search&check_in=2025-01-25&check_out=2025-01-26&source_impression_id=p3_1737242324_P3DT3ADbVQpiKPy-&previous_page_section_name=1000
Quarto em São Sebastião,R$282,www.airbnb.com.br/rooms/1110331772251447075?adults=2&category_tag=Tag%3A8678&enable_m3_private_room=true&photo_id=1989404975&search_mode=regular_search&check_in=2025-01-25&check_out=2025-01-26&source_impression_id=p3_1737242324_P3qLOKDQoWrSkhZh&previous_page_section_name=1000
Vila em Ilhabela,R$1.047,www.airbnb.com.br/rooms/679240112966857325?adults=2&search_mode=regular_search&check_in=2025-01-25&check_out=2025-01-26&source_impression_id=p3_1737242324_P3nCkUNu5evLRmRc&previous_page_section_name=1000
Casa em São Sebastião,R$306,www.airbnb.com.br/rooms/1317315914136141334?adults=2&search_mode=regular_search&check_in=2025-01-25&check_out=2025-01-26&source_impression_id=p3_1737242324_P3knL5F5MojJF6xD&previous_page_section_name=1000
Quarto em Ilhabela,R$787,www.airbnb.com.br/rooms/1304305846257398085?adults=2&category_tag=Tag%3A8678&enable_m3_private_room=true&photo_id=2042311402&search_mode=regular_search&check_in=2025-01-25&check_out=2025-01-26&source_impression_id=p3_1737242335_P3yicI7zDS9mlPKG&previous_page_section_name=1000
Pousada em Ilhabela,R$832,www.airbnb.com.br/rooms/1041288964207251212?adults=2&search_mode=regular_search&check_in=2025-01-25&check_out=2025-01-26&source_impression_id=p3_1737242335_P3z7mIh21UfhZIyr&previous_page_section_name=1000
Quarto em Ilha bela,R$257,www.airbnb.com.br/rooms/17429573?adults=2&category_tag=Tag%3A8678&enable_m3_private_room=true&photo_id=1336390416&search_mode=regular_search&check_in=2025-01-25&check_out=2025-01-26&source_impression_id=p3_1737242335_P3oTqhXoUcZ0CDHj&previous_page_section_name=1000
Pousada em Ilhabela,R$584,www.airbnb.com.br/rooms/819121212862340393?adults=2&search_mode=regular_search&check_in=2025-01-25&check_out=2025-01-26&source_impression_id=p3_1737242335_P30YQYC17CqddDqY&previous_page_section_name=1000
Vila em Ilhabela,R$1.047,www.airbnb.com.br/rooms/761034836762818328?adults=2&search_mode=regular_search&check_in=2025-01-25&check_out=2025-01-26&source_impression_id=p3_1737242335_P3X28oFgXWKcCdrZ&previous_page_section_name=1000
Casa em Ilhabela,R$394,www.airbnb.com.br/rooms/796905699308165795?adults=2&search_mode=regular_search&check_in=2025-01-25&check_out=2025-01-26&source_impression_id=p3_1737242335_P3jHW-uSuqvHdHzN&previous_page_section_name=1000
Casa em Ilhabela,R$713,www.airbnb.com.br/rooms/747085390739193167?adults=2&search_mode=regular_search&check_in=2025-01-25&check_out=2025-01-26&source_impression_id=p3_1737242335_P3rvK5mSRcTMqGlF&previous_page_section_name=1000
Quarto em São Sebastião,R$356,www.airbnb.com.br/rooms/1032144430938669544?adults=2&category_tag=Tag%3A8678&enable_m3_private_room=true&photo_id=1788153819&search_mode=regular_search&check_in=2025-01-25&check_out=2025-01-26&source_impression_id=p3_1737242335_P3FLw3p6fpZUAnTN&previous_page_section_name=1000
Casa em Piúva,R$573,www.airbnb.com.br/rooms/53808030?adults=2&search_mode=regular_search&check_in=2025-01-25&check_out=2025-01-26&source_impression_id=p3_1737242335_P3kqHIXHsvugarYJ&previous_page_section_name=1000
Casa em São Sebastião,R$2.003,www.airbnb.com.br/rooms/1152085506375032103?adults=2&search_mode=regular_search&check_in=2025-01-25&check_out=2025-01-26&source_impression_id=p3_1737242335_P3W_Iouo5qdFT16v&previous_page_section_name=1000
Casa em Ilhabela,R$580,www.airbnb.com.br/rooms/814530511099925588?adults=2&search_mode=regular_search&check_in=2025-01-25&check_out=2025-01-26&source_impression_id=p3_1737242335_P3Gu74G45ACvJdfA&previous_page_section_name=1000
Quarto em Ilhabela,R$399,www.airbnb.com.br/rooms/1318955384567344293?adults=2&category_tag=Tag%3A8678&enable_m3_private_room=true&photo_id=2055120497&search_mode=regular_search&check_in=2025-01-25&check_out=2025-01-26&source_impression_id=p3_1737242335_P3US9YLq-Sgv82Uv&previous_page_section_name=1000
Casa em Ilhabela,R$292,www.airbnb.com.br/rooms/1251565430003129191?adults=2&search_mode=regular_search&check_in=2025-01-25&check_out=2025-01-26&source_impression_id=p3_1737242335_P3JOwBF-iazsYBmw&previous_page_section_name=1000
Casa em Ilhabela,R$1.369,www.airbnb.com.br/rooms/1316109569823569131?adults=2&search_mode=regular_search&check_in=2025-01-25&check_out=2025-01-26&source_impression_id=p3_1737242335_P3dUa6LwydgaVu82&previous_page_section_name=1000
Quarto em Caraguatatuba,R$297,www.airbnb.com.br/rooms/664413411297298972?adults=2&category_tag=Tag%3A8678&enable_m3_private_room=true&photo_id=1946226655&search_mode=regular_search&check_in=2025-01-25&check_out=2025-01-26&source_impression_id=p3_1737242335_P3Nvr9ofG9n1aLGy&previous_page_section_name=1000
Pousada em Ilhabela,R$446,www.airbnb.com.br/rooms/1173857538596687125?adults=2&search_mode=regular_search&check_in=2025-01-25&check_out=2025-01-26&source_impression_id=p3_1737242335_P3yPLbr4SmB5o0Of&previous_page_section_name=1000
Hotel em Ilhabela,R$500,www.airbnb.com.br/rooms/684020857784158399?adults=2&search_mode=regular_search&check_in=2025-01-25&check_out=2025-01-26&source_impression_id=p3_1737242335_P3J_kHnIrOZto_BB&previous_page_section_name=1000
Acampamento em Reino,R$263,www.airbnb.com.br/rooms/47753611?adults=2&search_mode=regular_search&check_in=2025-01-25&check_out=2025-01-26&source_impression_id=p3_1737242335_P3yC2MFruCI8wkO6&previous_page_section_name=1000
Quarto em Caraguatatuba,R$137,www.airbnb.com.br/rooms/1330850163882968059?adults=2&category_tag=Tag%3A8678&enable_m3_private_room=true&photo_id=2065355819&search_mode=regular_search&check_in=2025-01-25&check_out=2025-01-26&source_impression_id=p3_1737242346_P3uHAzt0gA1a11xE&previous_page_section_name=1000
Hotel em Ilhabela,R$1.029,www.airbnb.com.br/rooms/1267330331262632984?adults=2&search_mode=regular_search&check_in=2025-01-25&check_out=2025-01-26&source_impression_id=p3_1737242346_P3UhmhU3VmA_2prH&previous_page_section_name=1000
Casa em Ilhabela,R$636,www.airbnb.com.br/rooms/1317223636085102486?adults=2&search_mode=regular_search&check_in=2025-01-25&check_out=2025-01-26&source_impression_id=p3_1737242346_P3sh0RQTyc1VrGfp&previous_page_section_name=1000
Casa em Barra Velha,R$372,www.airbnb.com.br/rooms/46236664?adults=2&search_mode=regular_search&check_in=2025-01-25&check_out=2025-01-26&source_impression_id=p3_1737242346_P3Npk_064fZbech5&previous_page_section_name=1000
Quarto em São Sebastião,R$356,www.airbnb.com.br/rooms/1031411818952532119?adults=2&category_tag=Tag%3A8678&enable_m3_private_room=true&photo_id=1787561632&search_mode=regular_search&check_in=2025-01-25&check_out=2025-01-26&source_impression_id=p3_1737242346_P3Jyt4PLec6JxQ6g&previous_page_section_name=1000
Quarto em Perequê Mirim,R$297,www.airbnb.com.br/rooms/53325295?adults=2&category_tag=Tag%3A8678&enable_m3_private_room=true&photo_id=1285392593&search_mode=regular_search&check_in=2025-01-25&check_out=2025-01-26&source_impression_id=p3_1737242346_P3pBJ6dKBE2DAp__&previous_page_section_name=1000
Casa em Ilhabela,R$536,www.airbnb.com.br/rooms/1306435967880974226?adults=2&search_mode=regular_search&check_in=2025-01-25&check_out=2025-01-26&source_impression_id=p3_1737242346_P3ElNszhq3qUlKkd&previous_page_section_name=1000
Casa de hóspedes em São Sebastião,R$475,www.airbnb.com.br/rooms/53772622?adults=2&search_mode=regular_search&check_in=2025-01-25&check_out=2025-01-26&source_impression_id=p3_1737242346_P3yXLhXoQCnKbWVv&previous_page_section_name=1000
Pousada em Ilhabela,R$697,www.airbnb.com.br/rooms/1219558224717885960?adults=2&search_mode=regular_search&check_in=2025-01-25&check_out=2025-01-26&source_impression_id=p3_1737242346_P3ypfSoBQ4XeeUFk&previous_page_section_name=1000
Casa em Ilhabela,R$913,www.airbnb.com.br/rooms/951319720538249528?adults=2&search_mode=regular_search&check_in=2025-01-25&check_out=2025-01-26&source_impression_id=p3_1737242346_P3ckppPV4NLV8JVe&previous_page_section_name=1000
Quarto em São Sebastião,R$528,www.airbnb.com.br/rooms/1032597797746963989?adults=2&category_tag=Tag%3A8678&enable_m3_private_room=true&photo_id=1788437625&search_mode=regular_search&check_in=2025-01-25&check_out=2025-01-26&source_impression_id=p3_1737242346_P3CIMXg4x4zXeimB&previous_page_section_name=1000
Casa em Praia de São Francisco,R$381,www.airbnb.com.br/rooms/45865122?adults=2&search_mode=regular_search&check_in=2025-01-25&check_out=2025-01-26&source_impression_id=p3_1737242346_P3mqqim_3DE6JHPf&previous_page_section_name=1000
Quarto em Ilhabela,R$551,www.airbnb.com.br/rooms/1173846549418230894?adults=2&category_tag=Tag%3A8678&enable_m3_private_room=true&photo_id=1982882491&search_mode=regular_search&check_in=2025-01-25&check_out=2025-01-26&source_impression_id=p3_1737242346_P3heUO19MMjLg24G&previous_page_section_name=1000
Quarto em São Sebastião,R$414,www.airbnb.com.br/rooms/1031389224558198092?adults=2&category_tag=Tag%3A8678&enable_m3_private_room=true&photo_id=1787547512&search_mode=regular_search&check_in=2025-01-25&check_out=2025-01-26&source_impression_id=p3_1737242346_P3gA2hywsFim8ZQI&previous_page_section_name=1000
Quarto em Ilhabela,R$650,www.airbnb.com.br/rooms/1289944431875001229?adults=2&category_tag=Tag%3A8678&enable_m3_private_room=true&photo_id=2030176943&search_mode=regular_search&check_in=2025-01-25&check_out=2025-01-26&source_impression_id=p3_1737242346_P313oTmYu2nF_Cf8&previous_page_section_name=1000
Apartamento em São Sebastião,R$1.011,www.airbnb.com.br/rooms/973194025815157216?adults=2&search_mode=regular_search&check_in=2025-01-25&check_out=2025-01-26&source_impression_id=p3_1737242346_P3tXC68sjC7wapQI&previous_page_section_name=1000
Pousada em Ilhabela,R$731,www.airbnb.com.br/rooms/1052201407835526850?adults=2&search_mode=regular_search&check_in=2025-01-25&check_out=2025-01-26&source_impression_id=p3_1737242346_P3qMEDE812kuE4F9&previous_page_section_name=1000
Quarto em Centro,R$267,www.airbnb.com.br/rooms/46531390?adults=2&category_tag=Tag%3A8678&enable_m3_private_room=true&photo_id=1849022184&search_mode=regular_search&check_in=2025-01-25&check_out=2025-01-26&source_impression_id=p3_1737242346_P3eLqhyQI61tFnXQ&previous_page_section_name=1000
Quarto em São Sebastião,R$401,www.airbnb.com.br/rooms/815130648738044172?adults=2&category_tag=Tag%3A8678&enable_m3_private_room=true&photo_id=1757959607&search_mode=regular_search&check_in=2025-01-25&check_out=2025-01-26&source_impression_id=p3_1737242357_P3jeKMSOP439EuTw&previous_page_section_name=1000
Casa em São Sebastião,R$514,www.airbnb.com.br/rooms/1322561367348074118?adults=2&search_mode=regular_search&check_in=2025-01-25&check_out=2025-01-26&source_impression_id=p3_1737242357_P3NTGfiKpYGfIa28&previous_page_section_name=1000
Casa de hóspedes em Caraguatatuba,R$187,www.airbnb.com.br/rooms/1313988473052443195?adults=2&search_mode=regular_search&check_in=2025-01-25&check_out=2025-01-26&source_impression_id=p3_1737242357_P33u3SjYm01J5U1_&previous_page_section_name=1000
Apartamento em Ilhabela,R$812,www.airbnb.com.br/rooms/1312978508739537231?adults=2&search_mode=regular_search&check_in=2025-01-25&check_out=2025-01-26&source_impression_id=p3_1737242357_P3n0pLBE4ejjk924&previous_page_section_name=1000
Lugar para ficar em Ilhabela,R$786,www.airbnb.com.br/rooms/878185528457478101?adults=2&search_mode=regular_search&check_in=2025-01-25&check_out=2025-01-26&source_impression_id=p3_1737242357_P3DeTZMMfERi_AZ0&previous_page_section_name=1000
Pousada em Ilhabela,R$767,www.airbnb.com.br/rooms/1219606599913915935?adults=2&search_mode=regular_search&check_in=2025-01-25&check_out=2025-01-26&source_impression_id=p3_1737242357_P34yFiVFe-QxjGp0&previous_page_section_name=1000
Pousada em Ilhabela,R$707,www.airbnb.com.br/rooms/820997430046929095?adults=2&search_mode=regular_search&check_in=2025-01-25&check_out=2025-01-26&source_impression_id=p3_1737242357_P3Moqg9i1Zu1dMUe&previous_page_section_name=1000
Casa em Ilhabela,R$639,www.airbnb.com.br/rooms/1323306021920336625?adults=2&search_mode=regular_search&check_in=2025-01-25&check_out=2025-01-26&source_impression_id=p3_1737242357_P3tYtOG7qzu_iPXe&previous_page_section_name=1000
Casa em Ilhabela,R$323,www.airbnb.com.br/rooms/1328270239323792479?adults=2&search_mode=regular_search&check_in=2025-01-25&check_out=2025-01-26&source_impression_id=p3_1737242357_P3TZO1Omfly_Qi0o&previous_page_section_name=1000
Casa em Praia de São Francisco,R$670,www.airbnb.com.br/rooms/1231825909912070515?adults=2&search_mode=regular_search&check_in=2025-01-25&check_out=2025-01-26&source_impression_id=p3_1737242357_P3tF-2-AtPq3DO4x&previous_page_section_name=1000
Quarto em Caraguatatuba,R$330,www.airbnb.com.br/rooms/1331405071961673290?adults=2&category_tag=Tag%3A8678&enable_m3_private_room=true&photo_id=2065924742&search_mode=regular_search&check_in=2025-01-25&check_out=2025-01-26&source_impression_id=p3_1737242357_P3aJ3ScdcjuWze8k&previous_page_section_name=1000
Quarto em São Sebastião,R$414,www.airbnb.com.br/rooms/1031311091665173521?adults=2&category_tag=Tag%3A8678&enable_m3_private_room=true&photo_id=1787517174&search_mode=regular_search&check_in=2025-01-25&check_out=2025-01-26&source_impression_id=p3_1737242357_P3bJXqnJArqr9xnn&previous_page_section_name=1000
Quarto em Ilhabela,R$295,www.airbnb.com.br/rooms/1120546159364287295?adults=2&category_tag=Tag%3A8678&enable_m3_private_room=true&photo_id=1868919828&search_mode=regular_search&check_in=2025-01-25&check_out=2025-01-26&source_impression_id=p3_1737242357_P3VPqiWQzxW3WoM0&previous_page_section_name=1000
Casa em Ilhabela,R$507,www.airbnb.com.br/rooms/1298779775333810694?adults=2&search_mode=regular_search&check_in=2025-01-25&check_out=2025-01-26&source_impression_id=p3_1737242357_P3MLl4QuTxmt_oqO&previous_page_section_name=1000
Pousada em Ilhabela,R$633,www.airbnb.com.br/rooms/1039615631075291581?adults=2&search_mode=regular_search&check_in=2025-01-25&check_out=2025-01-26&source_impression_id=p3_1737242357_P3CgzMU0o0cUXM30&previous_page_section_name=1000
Quarto em Ilhabela,R$526,www.airbnb.com.br/rooms/1173855708200168714?adults=2&category_tag=Tag%3A8678&enable_m3_private_room=true&photo_id=1982897476&search_mode=regular_search&check_in=2025-01-25&check_out=2025-01-26&source_impression_id=p3_1737242357_P3Z8dIZjx4tjcwUe&previous_page_section_name=1000
Pousada em Ilhabela,R$616,www.airbnb.com.br/rooms/1173853293641860698?adults=2&search_mode=regular_search&check_in=2025-01-25&check_out=2025-01-26&source_impression_id=p3_1737242357_P3Q_Zf3ZbSFAQtt5&previous_page_section_name=1000
Casa em Cocaia,R$813,www.airbnb.com.br/rooms/50609540?adults=2&search_mode=regular_search&check_in=2025-01-25&check_out=2025-01-26&source_impression_id=p3_1737242357_P3M3I5ZJZRE75jvA&previous_page_section_name=1000
Chalé em Ilhabela,R$692,www.airbnb.com.br/rooms/763042813717128942?adults=2&search_mode=regular_search&check_in=2025-01-25&check_out=2025-01-26&source_impression_id=p3_1737242368_P3FIndytxJVL9wj8&previous_page_section_name=1000
Casa em Caraguatatuba,R$178,www.airbnb.com.br/rooms/1291128415928149282?adults=2&search_mode=regular_search&check_in=2025-01-25&check_out=2025-01-26&source_impression_id=p3_1737242368_P3u6p1l6YgvukheX&previous_page_section_name=1000
Quarto em Ilhabela,R$285,www.airbnb.com.br/rooms/1090493133756905486?adults=2&category_tag=Tag%3A8678&enable_m3_private_room=true&photo_id=1840501361&search_mode=regular_search&check_in=2025-01-25&check_out=2025-01-26&source_impression_id=p3_1737242368_P3_NFDmo1PidGKwN&previous_page_section_name=1000
Casa em Ilhabela,R$743,www.airbnb.com.br/rooms/45057313?adults=2&search_mode=regular_search&check_in=2025-01-25&check_out=2025-01-26&source_impression_id=p3_1737242368_P3AgPcWJpqK5qVmr&previous_page_section_name=1000
Quarto em Ilhabela,R$468,www.airbnb.com.br/rooms/1265492986623147388?adults=2&category_tag=Tag%3A8678&enable_m3_private_room=true&photo_id=2054985883&search_mode=regular_search&check_in=2025-01-25&check_out=2025-01-26&source_impression_id=p3_1737242368_P31Bm_U9-jIlHTao&previous_page_section_name=1000
Ilha em Ilhabela,R$165,www.airbnb.com.br/rooms/1303170352631461028?adults=2&search_mode=regular_search&check_in=2025-01-25&check_out=2025-01-26&source_impression_id=p3_1737242368_P3U7-SsKPRatwnH9&previous_page_section_name=1000
Casa em São Sebastião,R$394,www.airbnb.com.br/rooms/1105101579313308970?adults=2&search_mode=regular_search&check_in=2025-01-25&check_out=2025-01-26&source_impression_id=p3_1737242368_P3mYKelSLpF3LHyu&previous_page_section_name=1000
Quarto em Ilhabela,R$788,www.airbnb.com.br/rooms/1052245412506550506?adults=2&category_tag=Tag%3A8678&enable_m3_private_room=true&photo_id=1806484657&search_mode=regular_search&check_in=2025-01-25&check_out=2025-01-26&source_impression_id=p3_1737242368_P3C-xjVEmrwjLHyG&previous_page_section_name=1000
Casa em Ilhabela,R$685,www.airbnb.com.br/rooms/832597468318535564?adults=2&search_mode=regular_search&check_in=2025-01-25&check_out=2025-01-26&source_impression_id=p3_1737242368_P3Qj_2xo0pz9hFWv&previous_page_section_name=1000
Quarto em São Sebastião,R$251,www.airbnb.com.br/rooms/1073128994137804195?adults=2&category_tag=Tag%3A8678&enable_m3_private_room=true&photo_id=1824509586&search_mode=regular_search&check_in=2025-01-25&check_out=2025-01-26&source_impression_id=p3_1737242368_P3SMBVcQDqKoqrLb&previous_page_section_name=1000
Quarto em Água Branca,R$411,www.airbnb.com.br/rooms/21647509?adults=2&category_tag=Tag%3A8678&enable_m3_private_room=true&photo_id=682084924&search_mode=regular_search&check_in=2025-01-25&check_out=2025-01-26&source_impression_id=p3_1737242368_P3nwc80HoF6YdVtv&previous_page_section_name=1000
Quarto em Ilhabela,R$651,www.airbnb.com.br/rooms/1304301343404060971?adults=2&category_tag=Tag%3A8678&enable_m3_private_room=true&photo_id=2042303522&search_mode=regular_search&check_in=2025-01-25&check_out=2025-01-26&source_impression_id=p3_1737242368_P3RTh6XX2yJmn2Nk&previous_page_section_name=1000
Apartamento em São Sebastião,R$706,www.airbnb.com.br/rooms/1292567402227538633?adults=2&search_mode=regular_search&check_in=2025-01-25&check_out=2025-01-26&source_impression_id=p3_1737242368_P3hzWkPn24sVeidW&previous_page_section_name=1000
Casa em Bonete Beach,R$713,www.airbnb.com.br/rooms/47740472?adults=2&search_mode=regular_search&check_in=2025-01-25&check_out=2025-01-26&source_impression_id=p3_1737242368_P35QRx-SJvApvQGN&previous_page_section_name=1000
Casa em Ilhabela,R$685,www.airbnb.com.br/rooms/1291542117831019739?adults=2&search_mode=regular_search&check_in=2025-01-25&check_out=2025-01-26&source_impression_id=p3_1737242368_P3f8nSFjLZQ5Y0tf&previous_page_section_name=1000
Quarto em Ilhabela,R$593,www.airbnb.com.br/rooms/1151582431835490585?adults=2&category_tag=Tag%3A8678&enable_m3_private_room=true&photo_id=1901814732&search_mode=regular_search&check_in=2025-01-25&check_out=2025-01-26&source_impression_id=p3_1737242368_P3BNqlytuRD4xjIh&previous_page_section_name=1000
Quarto em Perequê Mirim,R$320,www.airbnb.com.br/rooms/53325365?adults=2&category_tag=Tag%3A8678&enable_m3_private_room=true&photo_id=1285394988&search_mode=regular_search&check_in=2025-01-25&check_out=2025-01-26&source_impression_id=p3_1737242368_P3u4wbqNJGbu_Hjw&previous_page_section_name=1000
Casa em Praia de São Francisco,R$884,www.airbnb.com.br/rooms/21980034?adults=2&search_mode=regular_search&check_in=2025-01-25&check_out=2025-01-26&source_impression_id=p3_1737242368_P36p-GPt_TZ4rI_3&previous_page_section_name=1000
Casa em Bonete Beach,R$599,www.airbnb.com.br/rooms/47491380?adults=2&search_mode=regular_search&check_in=2025-01-25&check_out=2025-01-26&source_impression_id=p3_1737242379_P3rU99rpPjrL0j2e&previous_page_section_name=1000
Casa em Ilhabela,R$713,www.airbnb.com.br/rooms/1069745944498130525?adults=2&search_mode=regular_search&check_in=2025-01-25&check_out=2025-01-26&source_impression_id=p3_1737242379_P3AIJOPkepXq4vf7&previous_page_section_name=1000
Quarto em Ilhabela,R$582,www.airbnb.com.br/rooms/1264024687973504388?adults=2&category_tag=Tag%3A8678&enable_m3_private_room=true&photo_id=2016370006&search_mode=regular_search&check_in=2025-01-25&check_out=2025-01-26&source_impression_id=p3_1737242379_P35R1OzSXYJof66b&previous_page_section_name=1000
Quarto em Ilhabela,R$414,www.airbnb.com.br/rooms/7418736?adults=2&category_tag=Tag%3A8678&enable_m3_private_room=true&photo_id=1323284269&search_mode=regular_search&check_in=2025-01-25&check_out=2025-01-26&source_impression_id=p3_1737242379_P3yNbuktymwJ6_ab&previous_page_section_name=1000
Quarto em São Sebastião,R$429,www.airbnb.com.br/rooms/1319557002358876393?adults=2&category_tag=Tag%3A8678&enable_m3_private_room=true&photo_id=2055420259&search_mode=regular_search&check_in=2025-01-25&check_out=2025-01-26&source_impression_id=p3_1737242379_P32zsC1WN--KvcIi&previous_page_section_name=1000
Pousada em Urubu,R$765,www.airbnb.com.br/rooms/17553161?adults=2&search_mode=regular_search&check_in=2025-01-25&check_out=2025-01-26&source_impression_id=p3_1737242379_P36dA0Ozn6x-KWZH&previous_page_section_name=1000
Quarto em São Sebastião,R$421,www.airbnb.com.br/rooms/1298049573241827430?adults=2&category_tag=Tag%3A8678&enable_m3_private_room=true&photo_id=2037247873&search_mode=regular_search&check_in=2025-01-25&check_out=2025-01-26&source_impression_id=p3_1737242379_P3IggOuqyyT44TBI&previous_page_section_name=1000
Hotel em Ilhabela,R$1.110,www.airbnb.com.br/rooms/1267338623311379707?adults=2&search_mode=regular_search&check_in=2025-01-25&check_out=2025-01-26&source_impression_id=p3_1737242379_P3jlDPYJnCzvnMQA&previous_page_section_name=1000
Quarto em São Sebastião,R$228,www.airbnb.com.br/rooms/1043534077528381288?adults=2&category_tag=Tag%3A8678&enable_m3_private_room=true&photo_id=1798473455&search_mode=regular_search&check_in=2025-01-25&check_out=2025-01-26&source_impression_id=p3_1737242379_P3JRbDUOjH-C5emD&previous_page_section_name=1000
Casa em Ilhabela,R$799,www.airbnb.com.br/rooms/1049252728182141888?adults=2&search_mode=regular_search&check_in=2025-01-25&check_out=2025-01-26&source_impression_id=p3_1737242379_P3N6C3UoH_FnDxKA&previous_page_section_name=1000
Quarto em São Sebastião,R$220,www.airbnb.com.br/rooms/1033974522606455236?adults=2&category_tag=Tag%3A8678&enable_m3_private_room=true&photo_id=1789445043&search_mode=regular_search&check_in=2025-01-25&check_out=2025-01-26&source_impression_id=p3_1737242379_P3zZoDZjSW0gsiXV&previous_page_section_name=1000
Casa em Costa Nova,R$311,www.airbnb.com.br/rooms/548696505888534611?adults=2&search_mode=regular_search&check_in=2025-01-25&check_out=2025-01-26&source_impression_id=p3_1737242379_P3s1i1RfQwocNofE&previous_page_section_name=1000
Casa em Ilhabela,R$938,www.airbnb.com.br/rooms/808896823412111394?adults=2&search_mode=regular_search&check_in=2025-01-25&check_out=2025-01-26&source_impression_id=p3_1737242379_P3AktrUOIfrY0s-g&previous_page_section_name=1000
Casa em Ilhabela,R$228,www.airbnb.com.br/rooms/1028322966704039038?adults=2&search_mode=regular_search&check_in=2025-01-25&check_out=2025-01-26&source_impression_id=p3_1737242379_P3yMQAbEtsGy6rhK&previous_page_section_name=1000
Casa em Ilhabela,R$1.130,www.airbnb.com.br/rooms/1295823941166659905?adults=2&search_mode=regular_search&check_in=2025-01-25&check_out=2025-01-26&source_impression_id=p3_1737242379_P3G-_lOWA9l-xxSt&previous_page_section_name=1000
Casa em Ilhabela,R$891,www.airbnb.com.br/rooms/922375440837332755?adults=2&search_mode=regular_search&check_in=2025-01-25&check_out=2025-01-26&source_impression_id=p3_1737242379_P3G3gYrRLctjljG1&previous_page_section_name=1000
Quarto em São Sebastião,R$228,www.airbnb.com.br/rooms/1043552307536158229?adults=2&category_tag=Tag%3A8678&enable_m3_private_room=true&photo_id=1798484624&search_mode=regular_search&check_in=2025-01-25&check_out=2025-01-26&source_impression_id=p3_1737242379_P3smXE-09VJNJKfQ&previous_page_section_name=1000
Casa em Ilhabela,R$282,www.airbnb.com.br/rooms/1282655019101680994?adults=2&search_mode=regular_search&check_in=2025-01-25&check_out=2025-01-26&source_impression_id=p3_1737242379_P3ICGxaO-dz26jzZ&previous_page_section_name=1000
