Nome da Pousada,Preço,Distância da Praia,Cidade,Número de Avaliações
Hospedaria Morada das Orquídeas,R$ 279,800 m da praia,São Sebastião,36 avaliações
Hotel Recanto dos Pássaros,R$ 634,200 m da praia,São Sebastião,770 avaliações
Pousada da Sesmaria,R$ 420,600 m da praia,São Sebastião,303 avaliações
Pousada Bosque Toque Toque,R$ 428,200 m da praia,São Sebastião,112 avaliações
Hotel Roma,R$ 518,550 m da praia,São Sebastião,538 avaliações
Pousada Shiva São Sebastião 200mts da praia,R$ 400,600 m da praia,São Sebastião,244 avaliações
Hotel Arrastão,R$ 612,50 m da praia,São Sebastião,434 avaliações
Hostel Canto da Praia São Sebastião - próximo ao enrocamento Caraguatatuba,R$ 185,Beira-mar,São Sebastião,112 avaliações
Pousada Sol do Araçá,R$ 607,200 m da praia,São Sebastião,148 avaliações
Suítes Maresias,R$ 300,50 m da praia,São Sebastião,90 avaliações
Suites MB,R$ 280,550 m da praia,São Sebastião,43 avaliações
Casa São Sebastião,R$ 200,350 m da praia,São Sebastião,127 avaliações
Casa Pé na Areia Cantão do Bora Bora - Manaaki Surf Hostel,R$ 319,100 m da praia,São Sebastião,41 avaliações
Atlantic Hospedagem,R$ 490,600 m da praia,São Sebastião,249 avaliações
Casa Rústica em Condomínio com piscina e muita natureza,R$ 432,"2,1 km da praia",São Sebastião,3 avaliações
Quarto vista mar,R$ 252,700 m da praia,São Sebastião,5 avaliações
Centro histórico de São Sebastião - SP,R$ 270,500 m da praia,São Sebastião,8 avaliações externas
Mansão Sunset Beach House,R$ 360,"1,1 km da praia",São Sebastião,10 avaliações
Kitnet 500m da praia,R$ 400,900 m da praia,São Sebastião,4 avaliações
5 suítes-Cond. fechado- Vista para a Barra do Sahy,R$ 4.513,Beira-mar,São Sebastião,3 avaliações
Casa temporada são Sebastião,R$ 480,700 m da praia,São Sebastião,7 avaliações
Chalé São Sebastião 150 MT da praia,R$ 209,350 m da praia,São Sebastião,Sem Avaliação
Casa Temporada Praia da Enseada,R$ 324,250 m da praia,São Sebastião,Sem Avaliação
Linda Casa em uma linda praia - Santiago/ Maresias,R$ 536,850 m da praia,São Sebastião,Sem Avaliação
recanto primavera,R$ 250,650 m da praia,São Sebastião,Sem Avaliação
